{"count":1,"self":155.2962048,"total":1031.889898,"children":{"InitializeActuators":{"count":20,"self":0.0029971,"total":0.0029971,"children":null},"InitializeSensors":{"count":20,"self":0.0030007,"total":0.0030007,"children":null},"AgentSendState":{"count":125234,"self":25.1192912,"total":132.59572359999999,"children":{"CollectObservations":{"count":500940,"self":5.5867664,"total":5.5867662,"children":null},"CollectDiscreteActionMasks":{"count":500940,"self":4.6865644,"total":4.6865644,"children":null},"RequestDecision":{"count":500940,"self":14.498935999999999,"total":97.203102,"children":{"AgentInfo.ToProto":{"count":500940,"self":10.639829599999999,"total":82.7041663,"children":{"GenerateSensorData":{"count":500940,"self":22.514104,"total":72.06433659999999,"children":{"RayPerceptionSensor.Perceive":{"count":1001880,"self":49.5502336,"total":49.550232699999995,"children":null}}}}}}}}},"DecideAction":{"count":125234,"self":706.6793984,"total":706.67941869999993,"children":null},"AgentAct":{"count":125234,"self":35.9657088,"total":35.965710099999995,"children":null},"AgentInfo.ToProto":{"count":6360,"self":0.1903239,"total":1.3458411,"children":{"GenerateSensorData":{"count":6360,"self":0.33734149999999996,"total":1.1555172,"children":{"RayPerceptionSensor.Perceive":{"count":12720,"self":0.8181757,"total":0.8181757,"children":null}}}}}},"gauges":{"Racer.CumulativeReward":{"count":6360,"max":77.7584839,"min":-0.5,"runningAverage":3.3537817,"value":12.1216049,"weightedAverage":12.0992146}},"metadata":{"timer_format_version":"0.1.0","start_time_seconds":"1604425622","unity_version":"2019.4.10f1","command_line_arguments":"C:\\Unity\\2019.4.10f1\\Editor\\Unity.exe -projectpath C:\/_prog\/unity\/ML-Racing -useHub -hubIPC -cloudEnvironment production -hubSessionId f4f530a0-1df3-11eb-9e33-aff7b24b8e90","communication_protocol_version":"1.1.0","com.unity.ml-agents_version":"1.4.0-preview","scene_name":"SampleScene","end_time_seconds":"1604426654"}}